Q0,Final Average,Std Dev Q1,Std Dev Q2,Avg Q1,Avg Q2
"(0, 0)",6631.820093498315,0.6569412598921298,0.5406354721529101,4.916982639504813,7.085025599799036
"(5, 5)",6887.418751025921,0.7060529065384894,0.6163738712193451,4.891755416743889,6.940433482840725
"(10, 10)",6845.88944888071,0.628156005370831,0.5560023850986373,4.880270107716126,7.008427063442737
"(7, 7)",6870.298496574783,0.6481979925118121,0.5938831484246072,4.828939735096393,6.916202263957452
